recall,ndcg,n_patience,batch_size,lr,reg_weight,gcl_reg,gcl_eps,gcl_temp,embedding_dim,n_layers,geo_threshold,geo_k_neighbors,geo_weight,time_decay,time_min_weight,layer_weighting,layer_decay,name
0.22405801709694384,0.09940603559149323,20,1024,0.01,0.0001,0.1,0.1,0.3,64,3,0.0,0,1.0,0.0,0.0,uniform,0.0,lr_0.01
0.23977301911482346,0.10694477548717359,20,1024,0.001,0.0001,0.1,0.1,0.3,32,3,0.0,0,1.0,0.0,0.0,uniform,0.0,emb_32
0.25664983062040625,0.11012453974275634,20,1024,0.001,0.01,0.1,0.1,0.3,64,3,0.0,0,1.0,0.0,0.0,uniform,0.0,reg_0.01
0.2524183981704558,0.1127746309806866,20,1024,0.001,0.0001,0.1,0.1,0.3,64,2,0.0,0,1.0,0.0,0.0,uniform,0.0,n_layers_2
0.25439958908632854,0.11323990682167162,7,1024,0.0001,0.0001,0.1,0.1,0.3,64,3,0.0,0,1.0,0.0,0.0,uniform,0.0,lr_0.0001
0.25502329733762186,0.11397754988991095,20,2048,0.002,0.0001,0.1,0.1,0.3,64,3,0.0,0,1.0,0.0,0.0,uniform,0.0,batch_2048
0.25490100160207413,0.1140577314541108,20,1024,0.001,0.0001,0.1,0.1,0.3,64,3,0.0,0,1.0,0.001,0.1,uniform,0.0,time_decay_0.001_0.1
0.2548276241607455,0.11412449428093287,20,1024,0.001,0.0001,0.1,0.1,0.3,64,3,0.0,0,1.0,0.0005,0.3,uniform,0.0,time_decay_0.0005_0.3
0.2546197214103144,0.11414038505371048,20,1024,0.001,0.0001,0.1,0.1,0.3,64,3,0.0,0,1.0,0.0005,0.1,uniform,0.0,time_decay_0.0005_0.1
0.2556592351624699,0.11422556839001823,20,1024,0.001,0.0001,0.1,0.1,0.3,64,3,0.0,0,1.0,0.001,0.3,uniform,0.0,time_decay_0.001_0.3
0.2553168071029363,0.11428471700349126,20,1024,0.001,0.0001,0.1,0.1,0.3,64,3,0.0,0,1.0,0.0001,0.3,uniform,0.0,time_decay_0.0001_0.3
0.25592828578067484,0.11432056334321267,20,1024,0.001,0.0001,0.1,0.1,0.3,64,3,0.0,0,1.0,0.0001,0.1,uniform,0.0,time_decay_0.0001_0.1
0.25644192786997516,0.11438948605007364,7,1024,0.001,0.0001,0.1,0.1,0.3,64,3,0.0,0,1.0,0.0,0.0,uniform,0.0,baseline
0.26307035673666057,0.11506224001269584,20,1024,0.001,0.01,0.1,0.1,0.3,512,8,0.0,0,1.0,0.0,0.0,gentle,0.1,emb_512_n_layers_8_reg_0.01_gentle_0.1
0.2580562315792048,0.11515511279174927,20,1024,0.001,1e-05,0.1,0.1,0.3,64,3,0.0,0,1.0,0.0,0.0,uniform,0.0,reg_0.00001
0.25720016143037094,0.11521296488271,20,4096,0.003,0.0001,0.1,0.1,0.3,64,3,0.0,0,1.0,0.0,0.0,uniform,0.0,batch_4096
0.25894899044870306,0.11596572284668899,20,1024,0.001,0.0001,0.1,0.1,0.3,64,4,0.0,0,1.0,0.0,0.0,uniform,0.0,n_layers_4
0.2599518154801942,0.1162256247037904,20,1024,0.001,0.0001,0.1,0.1,0.3,64,3,5.0,0,0.1,0.0,0.0,uniform,0.0,geo_distance_threshold_5.0_weight_0.1
0.2606855898934804,0.1164941349538983,20,1024,0.001,0.0001,0.1,0.1,0.3,64,3,0.0,5,0.1,0.0,0.0,uniform,0.0,geo_distance_neighbors_5_weight_0.1
0.2622876640291553,0.11692374061077362,20,1024,0.001,0.0001,0.1,0.1,0.3,64,3,10.0,0,0.1,0.0,0.0,uniform,0.0,geo_distance_threshold_10.0_weight_0.1
0.2612359207034451,0.11714218645635036,20,1024,0.001,0.0001,0.1,0.1,0.3,64,5,0.0,0,1.0,0.0,0.0,uniform,0.0,n_layers_5
0.26184739938118357,0.11725210318120115,20,1024,0.001,0.0001,0.1,0.1,0.3,128,3,0.0,0,1.0,0.0,0.0,uniform,0.0,emb_128
0.2641832479301447,0.11776380722964416,20,1024,0.001,0.0001,0.1,0.1,0.3,64,3,0.0,10,0.1,0.0,0.0,uniform,0.0,geo_distance_neighbors_10_weight_0.1
0.26971101517690077,0.1177955587867601,20,1024,0.001,0.01,0.1,0.1,0.3,512,7,0.0,0,1.0,0.0,0.0,gentle,0.1,emb_512_n_layers_7_reg_0.01_gentle_0.1
0.26308258631021536,0.1179816044634147,20,1024,0.001,0.0001,0.1,0.1,0.3,64,6,0.0,0,1.0,0.0,0.0,uniform,0.0,n_layers_6
0.26386527901772067,0.1182969670674716,20,1024,0.001,0.0001,0.1,0.1,0.3,1024,3,0.0,0,1.0,0.0,0.0,uniform,0.0,emb_1024
0.2653328278442931,0.11841259141275057,20,1024,0.001,0.0001,0.1,0.1,0.3,64,3,0.0,15,0.1,0.0,0.0,uniform,0.0,geo_distance_neighbors_15_weight_0.1
0.2700779023835439,0.11843492167212977,20,1024,0.001,0.001,0.1,0.1,0.3,64,3,0.0,0,1.0,0.0,0.0,uniform,0.0,reg_0.001
0.26386527901772067,0.11859434845970136,20,1024,0.001,0.0001,0.1,0.1,0.3,64,7,0.0,0,1.0,0.0,0.0,uniform,0.0,n_layers_7
0.26558964888894326,0.11871185447829338,20,1024,0.001,0.0001,0.1,0.1,0.3,256,3,0.0,0,1.0,0.0,0.0,uniform,0.0,emb_256
0.26632342330222947,0.1187224056706489,20,1024,0.001,0.0001,0.1,0.1,0.3,64,3,0.0,20,0.1,0.0,0.0,uniform,0.0,geo_distance_neighbors_20_weight_0.1
0.26600545438980544,0.11911525706957729,20,1024,0.001,0.0001,0.1,0.1,0.3,64,8,0.0,0,1.0,0.0,0.0,uniform,0.0,n_layers_8
0.266188897993127,0.11911857520971979,20,1024,0.001,0.0001,0.1,0.1,0.3,512,3,0.0,0,1.0,0.0,0.0,uniform,0.0,emb_512
0.26496594063764994,0.11913890933213211,20,1024,0.001,0.0001,0.1,0.1,0.3,1024,4,0.0,0,1.0,0.0,0.0,uniform,0.0,emb_1024_n_layers_4
0.2727439494184838,0.11958980515583248,20,1024,0.001,0.01,0.1,0.1,0.3,1024,3,0.0,0,1.0,0.0,0.0,uniform,0.0,emb_1024_reg_0.01
0.26689821325930363,0.11962794389219004,20,1024,0.001,0.0001,0.1,0.1,0.3,256,4,0.0,0,1.0,0.0,0.0,uniform,0.0,emb_256_n_layers_4
0.26770536511391846,0.11988457876967835,20,1024,0.001,0.0001,0.1,0.1,0.3,512,4,0.0,0,1.0,0.0,0.0,uniform,0.0,emb_512_n_layers_4
0.28288226589538823,0.1254216412513712,20,1024,0.001,0.001,0.1,0.1,0.3,256,3,0.0,0,1.0,0.0,0.0,uniform,0.0,emb_256_reg_0.001
0.2829801024838264,0.12549465298468956,20,1024,0.001,0.001,0.1,0.1,0.3,1024,3,0.0,0,1.0,0.0,0.0,uniform,0.0,emb_1024_reg_0.001
0.2842886668541868,0.12613026121277449,20,1024,0.001,0.001,0.1,0.1,0.3,512,3,0.0,0,1.0,0.0,0.0,uniform,0.0,emb_512_reg_0.001
0.2832980713962504,0.1264269179603536,20,1024,0.001,0.0001,0.1,0.1,0.3,64,3,0.0,5,1.0,0.0,0.0,uniform,0.0,geo_distance_neighbors_5_weight_1.0
0.2853159510327875,0.12653391904219338,20,1024,0.001,0.001,0.1,0.1,0.3,512,7,20.0,0,1.0,0.0,0.0,gentle,0.1,emb_512_n_layers_7_reg_0.001_gentle_0.1_gcl_geo_distance_20.0_8.0
0.2849735229732539,0.1266576249160481,20,1024,0.001,0.001,0.1,0.1,0.3,512,8,20.0,0,1.0,0.0,0.0,gentle,0.1,emb_512_n_layers_8_reg_0.001_gentle_0.1_gcl_geo_distance_20.0_8.0
0.28593965928408077,0.12685405925073318,20,1024,0.001,0.0001,0.1,0.1,0.3,64,3,20.0,0,1.0,0.0,0.0,uniform,0.0,gcl
0.28540155804767087,0.12689267756368613,20,1024,0.001,0.001,0.1,0.1,0.3,512,4,0.0,0,1.0,0.0,0.0,uniform,0.0,emb_512_n_layers_4_reg_0.001
0.2872849123751055,0.1269074965537495,20,1024,0.001,0.001,0.1,0.1,0.3,512,6,20.0,0,1.0,0.0,0.0,gentle,0.1,emb_512_n_layers_6_reg_0.001_gentle_0.1_gcl_geo_distance_20.0_8.0
0.2899020411158263,0.12711751939133326,20,1024,0.001,0.0001,0.1,0.1,0.3,64,3,0.0,20,1.0,0.0,0.0,uniform,0.0,geo_distance_neighbors_20_weight_1.0
0.2874561264048723,0.1276325458781927,20,1024,0.001,0.001,0.1,0.1,0.3,512,5,0.0,0,1.0,0.0,0.0,uniform,0.0,emb_512_n_layers_5_reg_0.001
0.28889921608433516,0.12826513621565352,20,1024,0.001,0.001,0.1,0.1,0.3,512,5,0.0,0,1.0,0.0,0.0,gentle,0.05,emb_512_n_layers_5_reg_0.001_gentle_0.05
0.29074588169110543,0.128412849462245,20,1024,0.001,0.0001,0.1,0.1,0.3,64,3,0.0,15,1.0,0.0,0.0,uniform,0.0,geo_distance_neighbors_15_weight_1.0
0.2888869865107804,0.12861976063052405,20,1024,0.001,0.001,0.1,0.1,0.3,512,7,0.0,0,1.0,0.0,0.0,uniform,0.0,emb_512_n_layers_7_reg_0.001
0.2870403209040101,0.128698716511821,20,1024,0.001,0.001,0.1,0.1,0.3,512,8,0.0,0,1.0,0.0,0.0,uniform,0.0,emb_512_n_layers_8_reg_0.001
0.28859347674546587,0.12875160205156938,20,1024,0.001,0.001,0.1,0.1,0.3,512,6,0.0,0,1.0,0.0,0.0,gentle,0.05,emb_512_n_layers_6_reg_0.001_gentle_0.05
0.28738274896354365,0.12875455633588942,20,1024,0.001,0.001,0.1,0.1,0.3,512,6,0.0,0,1.0,0.0,0.0,uniform,0.0,emb_512_n_layers_6_reg_0.001
0.2906480451026673,0.1288584512439741,20,1024,0.001,0.0001,0.1,0.1,0.3,64,3,0.0,10,1.0,0.0,0.0,uniform,0.0,geo_distance_neighbors_10_weight_1.0
0.2899509594100454,0.12930689738707637,20,1024,0.001,0.001,0.1,0.1,0.3,512,5,0.0,0,1.0,0.0,0.0,gentle,0.1,emb_512_n_layers_5_reg_0.001_gentle_0.1
0.29069696339688633,0.1296524855460207,20,1024,0.001,0.001,0.1,0.1,0.3,512,6,0.0,0,1.0,0.0,0.0,gentle,0.1,emb_512_n_layers_6_reg_0.001_gentle_0.1
0.29069696339688633,0.12981913835224268,20,1024,0.001,0.001,0.1,0.1,0.3,512,7,0.0,0,1.0,0.0,0.0,gentle,0.05,emb_512_n_layers_7_reg_0.001_gentle_0.05
0.29036676491090757,0.1300009791769004,20,1024,0.001,0.001,0.1,0.1,0.3,512,8,0.0,0,1.0,0.0,0.0,gentle,0.05,emb_512_n_layers_8_reg_0.001_gentle_0.05
0.2913940490895082,0.1303954429552966,20,1024,0.001,0.001,0.1,0.1,0.3,512,8,0.0,0,1.0,0.0,0.0,gentle,0.1,emb_512_n_layers_8_reg_0.001_gentle_0.1
0.2924335628416637,0.13069193776658702,20,1024,0.001,0.001,0.1,0.1,0.3,512,7,0.0,0,1.0,0.0,0.0,gentle,0.1,emb_512_n_layers_7_reg_0.001_gentle_0.1
0.2932896329904976,0.1315565041946339,20,1024,0.001,0.001,0.1,0.1,0.3,512,7,0.0,0,1.0,0.0,0.0,uniform,0.0,emb_512_n_layers_7_reg_0.001_gcl
0.29420685100710536,0.13182745812673455,20,1024,0.001,0.001,0.1,0.1,0.3,512,8,0.0,0,1.0,0.0,0.0,uniform,0.0,emb_512_n_layers_8_reg_0.001_gcl
0.29568662940723256,0.13215868936644803,20,1024,0.001,0.001,0.1,0.1,0.3,512,6,0.0,0,1.0,0.0,0.0,uniform,0.0,emb_512_n_layers_6_reg_0.001_gcl
0.2967383727329428,0.13248553503451035,20,1024,0.001,0.001,0.1,0.1,0.3,512,8,0.0,0,1.0,0.0,0.0,gentle,0.1,emb_512_n_layers_8_reg_0.001_gentle_0.1_gcl
0.30057845882914064,0.13251867432709727,20,1024,0.001,0.001,0.1,0.1,0.3,512,8,0.0,15,1.0,0.0,0.0,gentle,0.1,emb_512_n_layers_8_reg_0.001_gentle_0.1_gcl_geo_distance_15
0.3012266262275434,0.1326387820014558,20,1024,0.001,0.001,0.1,0.1,0.3,512,7,0.0,15,1.0,0.0,0.0,gentle,0.1,emb_512_n_layers_7_reg_0.001_gentle_0.1_gcl_geo_distance_15
0.3024495835830205,0.1329726137083494,20,1024,0.001,0.001,0.1,0.1,0.3,512,6,0.0,15,1.0,0.0,0.0,gentle,0.1,emb_512_n_layers_6_reg_0.001_gentle_0.1_gcl_geo_distance_15
0.29742322885200995,0.1330390462289535,20,1024,0.001,0.001,0.1,0.1,0.3,512,7,0.0,0,1.0,0.0,0.0,gentle,0.1,emb_512_n_layers_7_reg_0.001_gentle_0.1_gcl
0.29739876970490037,0.1331143592058151,20,1024,0.001,0.001,0.1,0.1,0.3,512,3,0.0,0,1.0,0.0,0.0,gentle,0.1,emb_512_n_layers_3_reg_0.001_gentle_0.1_gcl
0.2983037581479534,0.13322627989983285,20,1024,0.001,0.001,0.1,0.1,0.3,512,3,0.0,0,1.0,0.0,0.0,uniform,0.0,emb_512_n_layers_3_reg_0.001_gcl
0.2984872017512749,0.13342258900083823,20,1024,0.001,0.001,0.1,0.1,0.3,512,6,0.0,0,1.0,0.0,0.0,gentle,0.1,emb_512_n_layers_6_reg_0.001_gentle_0.1_gcl
0.2984872017512749,0.13342258900083823,20,1024,0.001,0.001,0.1,0.1,0.3,512,6,0.0,0,1.0,0.0,0.0,gentle,0.1,emb_1024_n_layers_6_reg_0.001_gentle_0.1_gcl
0.29821815113307,0.13346918048787884,20,1024,0.001,0.001,0.1,0.1,0.3,512,5,0.0,0,1.0,0.0,0.0,gentle,0.1,emb_512_n_layers_5_reg_0.001_gentle_0.1_gcl
0.30007704631339505,0.1340631770129773,20,1024,0.001,0.001,0.1,0.1,0.3,512,4,0.0,0,1.0,0.0,0.0,gentle,0.1,emb_512_n_layers_4_reg_0.001_gentle_0.1_gcl
0.300187112475388,0.13415466888191097,20,1024,0.001,0.001,0.1,0.1,0.3,512,4,0.0,0,1.0,0.0,0.0,uniform,0.0,emb_512_n_layers_4_reg_0.001_gcl
0.3065342611503137,0.1347751066723561,20,1024,0.001,0.001,0.1,0.1,0.3,512,4,0.0,5,5.0,0.0,0.0,uniform,0.0,emb_512_n_layers_4_reg_0.001_gcl_geo_distance_neighbors_5_weight_5.0
0.30844207462485784,0.13566482694896506,20,1024,0.001,0.001,0.1,0.1,0.3,512,4,0.0,10,1.0,0.0,0.0,uniform,0.0,emb_512_n_layers_4_reg_0.001_gcl_geo_distance_neighbors_10_weight_1.0
0.31235553816238426,0.13805528565108652,20,1024,0.001,0.001,0.1,0.1,0.3,512,4,0.0,7,1.0,0.0,0.0,uniform,0.0,emb_512_n_layers_4_reg_0.001_gcl_geo_distance_neighbors_7_weight_1.0
0.31360295466497085,0.13857747181290284,20,1024,0.001,0.001,0.1,0.1,0.3,512,4,0.0,5,2.0,0.0,0.0,uniform,0.0,emb_512_n_layers_4_reg_0.001_gcl_geo_distance_neighbors_5_weight_2.0
0.3134561997823136,0.13966009502464027,20,1024,0.001,0.001,0.1,0.1,0.3,512,4,0.0,5,1.0,0.0,0.0,uniform,0.0,emb_512_n_layers_4_reg_0.001_gcl_geo_distance_neighbors_5_weight_1.0
0.31264904792769876,0.14003368889139312,19,1024,0.001,0.001,0.1,0.1,0.3,512,4,0.0,2,1.0,0.0,0.0,uniform,0.0,emb_512_n_layers_4_reg_0.001_gcl_geo_distance_neighbors_2_weight_1.0
0.3146546979906811,0.1404093622075407,20,1024,0.001,0.001,0.1,0.1,0.3,512,4,0.0,4,1.0,0.0,0.0,uniform,0.0,emb_512_n_layers_4_reg_0.001_gcl_geo_distance_neighbors_4_weight_1.0
0.3143978769460309,0.14079523581610387,18,1024,0.001,0.001,0.1,0.1,0.3,512,4,0.0,3,1.0,0.0,0.0,uniform,0.0,emb_512_n_layers_4_reg_0.001_gcl_geo_distance_neighbors_3_weight_1.0
